1/5/2017,Paradox Engine,Aether Revolt,AER,7.33,0,0,0
1/6/2017,Paradox Engine,Aether Revolt,AER,10.73,0,0,0
1/7/2017,Paradox Engine,Aether Revolt,AER,9.97,0,0,0
1/8/2017,Paradox Engine,Aether Revolt,AER,9.8,0,25.62,0
1/9/2017,Paradox Engine,Aether Revolt,AER,8.86,0,25.62,0
1/10/2017,Paradox Engine,Aether Revolt,AER,8.27,0,25.62,0
1/11/2017,Paradox Engine,Aether Revolt,AER,8.2,0,24.74,0
1/12/2017,Paradox Engine,Aether Revolt,AER,8.15,0,24.99,0
1/13/2017,Paradox Engine,Aether Revolt,AER,8,0,24.99,0
1/14/2017,Paradox Engine,Aether Revolt,AER,7.89,0,24.49,0
1/15/2017,Paradox Engine,Aether Revolt,AER,7.69,0,25.12,0
1/16/2017,Paradox Engine,Aether Revolt,AER,7.98,0,24.49,0
1/17/2017,Paradox Engine,Aether Revolt,AER,7.69,0,23.74,0
1/18/2017,Paradox Engine,Aether Revolt,AER,7.49,0,22.73,0
1/19/2017,Paradox Engine,Aether Revolt,AER,7.46,0,21.84,0
1/20/2017,Paradox Engine,Aether Revolt,AER,7.32,0,19.99,0
1/21/2017,Paradox Engine,Aether Revolt,AER,7.05,0,19.99,0
1/22/2017,Paradox Engine,Aether Revolt,AER,7,0,19.22,0
1/23/2017,Paradox Engine,Aether Revolt,AER,7,4,18.94,0
1/24/2017,Paradox Engine,Aether Revolt,AER,6.99,4,18.5,2
1/25/2017,Paradox Engine,Aether Revolt,AER,6.95,4.69,18.5,11.88
1/26/2017,Paradox Engine,Aether Revolt,AER,6.75,4.05,17.99,11.39
1/27/2017,Paradox Engine,Aether Revolt,AER,6.72,3.54,17.47,11.39
1/28/2017,Paradox Engine,Aether Revolt,AER,6.5,3.02,16.91,9.75
1/29/2017,Paradox Engine,Aether Revolt,AER,6.53,2.23,16.82,9.75
1/30/2017,Paradox Engine,Aether Revolt,AER,6.66,2.77,16.99,9.75
1/31/2017,Paradox Engine,Aether Revolt,AER,6.99,6.72,16.71,9.94
2/1/2017,Paradox Engine,Aether Revolt,AER,7.2,5.86,16.07,9.56
2/2/2017,Paradox Engine,Aether Revolt,AER,7.62,5.12,15.97,9.56
2/3/2017,Paradox Engine,Aether Revolt,AER,10.23,4.89,19.7,9.56
2/4/2017,Paradox Engine,Aether Revolt,AER,11.01,3.17,19.97,9.56
2/5/2017,Paradox Engine,Aether Revolt,AER,10.37,2.26,18.79,9.56
2/6/2017,Paradox Engine,Aether Revolt,AER,9.9,2.62,18.52,9.56
2/7/2017,Paradox Engine,Aether Revolt,AER,9.51,2.25,17.99,9.56
2/8/2017,Paradox Engine,Aether Revolt,AER,9.49,2.33,18.16,9.56
2/9/2017,Paradox Engine,Aether Revolt,AER,9.52,2.37,18.16,9.56
2/10/2017,Paradox Engine,Aether Revolt,AER,9.5,2.07,18.09,9.56
2/11/2017,Paradox Engine,Aether Revolt,AER,9.5,2.61,17.79,9.56
2/12/2017,Paradox Engine,Aether Revolt,AER,9.49,3.73,17.95,9.56
2/13/2017,Paradox Engine,Aether Revolt,AER,9.5,3.31,17.93,9.19
2/14/2017,Paradox Engine,Aether Revolt,AER,9.5,2.99,17.92,9.19
2/15/2017,Paradox Engine,Aether Revolt,AER,9.5,3.21,17.93,9.19
2/16/2017,Paradox Engine,Aether Revolt,AER,9.27,2.85,17.93,9.27
2/17/2017,Paradox Engine,Aether Revolt,AER,9.03,3.24,17.92,8.95
2/18/2017,Paradox Engine,Aether Revolt,AER,9,3.31,17.68,8.8
2/19/2017,Paradox Engine,Aether Revolt,AER,9,2.88,17.26,8.5
2/20/2017,Paradox Engine,Aether Revolt,AER,9,2.61,17.54,8.2
2/21/2017,Paradox Engine,Aether Revolt,AER,9.45,3.31,17.37,7.78
2/22/2017,Paradox Engine,Aether Revolt,AER,9.45,3.97,17.37,7.78
2/23/2017,Paradox Engine,Aether Revolt,AER,9.49,4.04,17.06,7.51
2/26/2017,Paradox Engine,Aether Revolt,AER,9.52,3.82,16.97,7.65
2/27/2017,Paradox Engine,Aether Revolt,AER,9.41,3.43,16.97,7.65
2/28/2017,Paradox Engine,Aether Revolt,AER,9.51,2.8,16.99,7.77
3/1/2017,Paradox Engine,Aether Revolt,AER,9.5,2.77,16.99,7.63
3/2/2017,Paradox Engine,Aether Revolt,AER,9.5,2.87,16.97,7.36
3/3/2017,Paradox Engine,Aether Revolt,AER,9.49,2.85,16.96,7.91
3/4/2017,Paradox Engine,Aether Revolt,AER,9.49,2.69,16.96,8.04
3/5/2017,Paradox Engine,Aether Revolt,AER,9.49,2.55,16.94,8.31
3/6/2017,Paradox Engine,Aether Revolt,AER,9.51,2.25,16.94,8.32
3/7/2017,Paradox Engine,Aether Revolt,AER,8.99,2.23,16.94,8.18
3/8/2017,Paradox Engine,Aether Revolt,AER,9.37,2.21,16.94,8.17
3/9/2017,Paradox Engine,Aether Revolt,AER,8.99,1.99,16.94,8.17
3/10/2017,Paradox Engine,Aether Revolt,AER,8.99,1.98,16.94,7.88
3/11/2017,Paradox Engine,Aether Revolt,AER,9.07,2.01,16.75,7.88
3/12/2017,Paradox Engine,Aether Revolt,AER,9,2.01,16.24,8.02
3/13/2017,Paradox Engine,Aether Revolt,AER,9,1.93,16.26,8.02
3/14/2017,Paradox Engine,Aether Revolt,AER,9.12,1.81,16.24,7.87
3/15/2017,Paradox Engine,Aether Revolt,AER,9.03,1.74,16.6,7.87
3/17/2017,Paradox Engine,Aether Revolt,AER,9.2,1.49,16.45,7.87
3/18/2017,Paradox Engine,Aether Revolt,AER,9.22,1.54,16.19,7.87
3/19/2017,Paradox Engine,Aether Revolt,AER,9.2,1.69,16.45,7.59
3/20/2017,Paradox Engine,Aether Revolt,AER,9.02,1.7,16.35,7.46
3/21/2017,Paradox Engine,Aether Revolt,AER,8.99,1.75,16.15,7.46
3/22/2017,Paradox Engine,Aether Revolt,AER,9,1.74,16.45,7.87
3/23/2017,Paradox Engine,Aether Revolt,AER,8.99,1.74,16.94,8
3/24/2017,Paradox Engine,Aether Revolt,AER,8.99,1.84,16.76,8
3/25/2017,Paradox Engine,Aether Revolt,AER,8.99,1.94,16.94,8
3/26/2017,Paradox Engine,Aether Revolt,AER,8.99,2.19,16.97,7.86
3/27/2017,Paradox Engine,Aether Revolt,AER,8.99,2.34,16.99,7.86
3/28/2017,Paradox Engine,Aether Revolt,AER,9,2.24,16.45,7.86
3/29/2017,Paradox Engine,Aether Revolt,AER,9.09,2.37,16.69,7.86
3/30/2017,Paradox Engine,Aether Revolt,AER,9,2.31,16.25,8.14
3/31/2017,Paradox Engine,Aether Revolt,AER,9,2.49,16.24,7.99
4/1/2017,Paradox Engine,Aether Revolt,AER,9,2.51,16.24,8.27
4/2/2017,Paradox Engine,Aether Revolt,AER,9.06,2.54,16.24,8.55
4/3/2017,Paradox Engine,Aether Revolt,AER,9.14,2.64,16.24,8.55
4/4/2017,Paradox Engine,Aether Revolt,AER,8.99,2.73,16.25,8.26
4/5/2017,Paradox Engine,Aether Revolt,AER,8.99,2.74,16.25,8.26
4/6/2017,Paradox Engine,Aether Revolt,AER,8.93,2.82,16.11,8.26
4/7/2017,Paradox Engine,Aether Revolt,AER,8.98,2.81,16.18,8.41
4/8/2017,Paradox Engine,Aether Revolt,AER,8.98,2.76,16.24,8.12
4/9/2017,Paradox Engine,Aether Revolt,AER,8.96,2.73,16.11,8.27
4/10/2017,Paradox Engine,Aether Revolt,AER,9.01,2.51,16.15,8.27
4/11/2017,Paradox Engine,Aether Revolt,AER,9.09,2.28,16.11,8.41
4/12/2017,Paradox Engine,Aether Revolt,AER,9.07,1.99,16.06,8.41
4/13/2017,Paradox Engine,Aether Revolt,AER,9.09,1.72,16,8.26
4/14/2017,Paradox Engine,Aether Revolt,AER,9.02,1.66,16.11,8.25
4/15/2017,Paradox Engine,Aether Revolt,AER,9.02,1.53,16.06,8.25
4/16/2017,Paradox Engine,Aether Revolt,AER,9.02,1.65,16,8.11
4/17/2017,Paradox Engine,Aether Revolt,AER,9,1.72,15.99,8.26
4/18/2017,Paradox Engine,Aether Revolt,AER,8.99,1.84,15.98,8.26
4/19/2017,Paradox Engine,Aether Revolt,AER,8.99,1.83,15.58,8.7
4/20/2017,Paradox Engine,Aether Revolt,AER,8.95,1.92,15.97,8.7
4/21/2017,Paradox Engine,Aether Revolt,AER,8.95,1.91,15.98,8.7
4/22/2017,Paradox Engine,Aether Revolt,AER,8.95,1.94,15.97,8.7
4/23/2017,Paradox Engine,Aether Revolt,AER,8.95,2.04,15.97,8.53
4/24/2017,Paradox Engine,Aether Revolt,AER,8.93,2.37,15.59,8.25
4/25/2017,Paradox Engine,Aether Revolt,AER,8.86,2.34,15.52,8.25
4/26/2017,Paradox Engine,Aether Revolt,AER,8.94,2.48,15.52,8.25
4/27/2017,Paradox Engine,Aether Revolt,AER,8.86,2.42,15.95,8.25
4/28/2017,Paradox Engine,Aether Revolt,AER,8.82,2.77,15.98,8.11
4/29/2017,Paradox Engine,Aether Revolt,AER,8.86,2.57,15.99,8.11
4/30/2017,Paradox Engine,Aether Revolt,AER,8.8,2.83,15.99,8.11
5/1/2017,Paradox Engine,Aether Revolt,AER,8.73,2.47,15.98,8.11
5/2/2017,Paradox Engine,Aether Revolt,AER,8.79,2.54,15.95,8.11
5/3/2017,Paradox Engine,Aether Revolt,AER,8.65,2.54,15.95,8.11
5/4/2017,Paradox Engine,Aether Revolt,AER,8.65,2.57,15.52,7.82
5/5/2017,Paradox Engine,Aether Revolt,AER,8.55,2.66,15.01,7.82
5/6/2017,Paradox Engine,Aether Revolt,AER,8.63,2.85,15.01,7.83
5/7/2017,Paradox Engine,Aether Revolt,AER,8.55,3.19,15.01,7.83
5/8/2017,Paradox Engine,Aether Revolt,AER,8.61,2.94,15.45,7.83
5/9/2017,Paradox Engine,Aether Revolt,AER,8.5,3.04,15,8.24
5/10/2017,Paradox Engine,Aether Revolt,AER,8.5,3.04,15,8.24
5/11/2017,Paradox Engine,Aether Revolt,AER,8.5,2.69,14.99,8.24
5/12/2017,Paradox Engine,Aether Revolt,AER,8.5,2.87,14.99,8.23
5/13/2017,Paradox Engine,Aether Revolt,AER,8.54,2.66,14.57,8.23
5/14/2017,Paradox Engine,Aether Revolt,AER,8.5,2.66,14.74,8.23
5/15/2017,Paradox Engine,Aether Revolt,AER,8.43,2.69,14.73,8.23
5/16/2017,Paradox Engine,Aether Revolt,AER,8.43,2.59,14.93,8.23
5/17/2017,Paradox Engine,Aether Revolt,AER,8.47,2.51,14.93,8.23
5/18/2017,Paradox Engine,Aether Revolt,AER,8.33,2.54,14.94,8.09
5/19/2017,Paradox Engine,Aether Revolt,AER,8.43,2.57,14.94,8.09
5/20/2017,Paradox Engine,Aether Revolt,AER,8.34,2.62,14.92,8.09
5/21/2017,Paradox Engine,Aether Revolt,AER,8.34,2.68,14.93,7.94
5/22/2017,Paradox Engine,Aether Revolt,AER,8.34,2.68,14.93,7.8
5/23/2017,Paradox Engine,Aether Revolt,AER,8.41,2.82,14.9,7.8
5/24/2017,Paradox Engine,Aether Revolt,AER,8.33,2.78,14.9,7.67
5/25/2017,Paradox Engine,Aether Revolt,AER,8.39,2.74,14.9,7.67
5/26/2017,Paradox Engine,Aether Revolt,AER,8.34,2.3,14.83,7.53
5/27/2017,Paradox Engine,Aether Revolt,AER,8.31,2.08,14.88,7.53
5/28/2017,Paradox Engine,Aether Revolt,AER,8.3,1.84,14.84,7.53
5/29/2017,Paradox Engine,Aether Revolt,AER,8.04,1.54,14.39,7.4
5/30/2017,Paradox Engine,Aether Revolt,AER,8,1.55,14.2,7.4
5/31/2017,Paradox Engine,Aether Revolt,AER,8,1.74,14.9,7.4
6/1/2017,Paradox Engine,Aether Revolt,AER,7.96,1.81,14.55,7.4
6/2/2017,Paradox Engine,Aether Revolt,AER,7.94,1.68,14.2,7.4
6/3/2017,Paradox Engine,Aether Revolt,AER,7.95,1.77,14.2,7.54
6/4/2017,Paradox Engine,Aether Revolt,AER,7.85,1.77,14.17,7.54
6/5/2017,Paradox Engine,Aether Revolt,AER,7.69,1.65,14.59,7.54
6/6/2017,Paradox Engine,Aether Revolt,AER,7.67,1.69,14.99,7.54
6/7/2017,Paradox Engine,Aether Revolt,AER,7.56,1.66,14.99,7.54
6/8/2017,Paradox Engine,Aether Revolt,AER,7.59,1.67,14.98,7.54
6/9/2017,Paradox Engine,Aether Revolt,AER,7.56,1.71,14.98,7.54
6/10/2017,Paradox Engine,Aether Revolt,AER,7.5,1.69,14.78,7.54
6/11/2017,Paradox Engine,Aether Revolt,AER,7.5,1.65,14.58,7.54
6/12/2017,Paradox Engine,Aether Revolt,AER,7.46,1.64,14.97,7.54
6/13/2017,Paradox Engine,Aether Revolt,AER,7.45,1.82,14.98,7.54
6/14/2017,Paradox Engine,Aether Revolt,AER,7.35,1.65,14.98,7.54
6/15/2017,Paradox Engine,Aether Revolt,AER,7.32,1.74,14.97,7.54
6/16/2017,Paradox Engine,Aether Revolt,AER,7.33,1.74,14.97,7.54
6/17/2017,Paradox Engine,Aether Revolt,AER,7.32,1.56,14.97,7.54
6/18/2017,Paradox Engine,Aether Revolt,AER,7.31,1.61,14.97,7.54
6/19/2017,Paradox Engine,Aether Revolt,AER,7.25,1.68,14.86,7.54
6/20/2017,Paradox Engine,Aether Revolt,AER,7.25,1.72,14.88,7.54
6/21/2017,Paradox Engine,Aether Revolt,AER,7.28,1.84,14.7,7.54
6/22/2017,Paradox Engine,Aether Revolt,AER,7.27,1.82,14.55,7.97
6/23/2017,Paradox Engine,Aether Revolt,AER,7.24,1.82,14.64,7.97
6/24/2017,Paradox Engine,Aether Revolt,AER,7.22,1.73,14.74,7.74
6/25/2017,Paradox Engine,Aether Revolt,AER,7.21,1.77,14.39,7.74
6/26/2017,Paradox Engine,Aether Revolt,AER,7.12,1.7,14.48,7.74
6/27/2017,Paradox Engine,Aether Revolt,AER,7.1,1.72,14.41,7.74
6/28/2017,Paradox Engine,Aether Revolt,AER,7.02,1.72,14.72,7.74
6/29/2017,Paradox Engine,Aether Revolt,AER,7.05,1.74,14.39,7.74
6/30/2017,Paradox Engine,Aether Revolt,AER,7,1.78,14.38,7.74
7/1/2017,Paradox Engine,Aether Revolt,AER,7,1.73,14.57,7.74
7/2/2017,Paradox Engine,Aether Revolt,AER,7,1.78,14.35,7.74
7/3/2017,Paradox Engine,Aether Revolt,AER,7,1.83,14.06,7.74
7/4/2017,Paradox Engine,Aether Revolt,AER,6.98,1.81,14.03,7.74
7/5/2017,Paradox Engine,Aether Revolt,AER,6.96,1.84,14.13,7.74
7/6/2017,Paradox Engine,Aether Revolt,AER,6.9,1.84,14.13,7.74
7/7/2017,Paradox Engine,Aether Revolt,AER,6.89,1.86,14.36,7.97
7/8/2017,Paradox Engine,Aether Revolt,AER,6.89,1.83,14.06,7.97
7/9/2017,Paradox Engine,Aether Revolt,AER,6.86,1.79,14.02,7.74
7/10/2017,Paradox Engine,Aether Revolt,AER,6.88,1.79,14.12,7.74
7/11/2017,Paradox Engine,Aether Revolt,AER,6.85,1.8,14.12,7.74
7/12/2017,Paradox Engine,Aether Revolt,AER,6.86,1.7,14.2,7.74
7/13/2017,Paradox Engine,Aether Revolt,AER,6.83,1.51,14.13,7.74
7/14/2017,Paradox Engine,Aether Revolt,AER,6.83,1.51,14.06,7.74
7/15/2017,Paradox Engine,Aether Revolt,AER,6.83,1.48,14.06,7.74
7/16/2017,Paradox Engine,Aether Revolt,AER,6.83,1.48,14.23,7.74
7/17/2017,Paradox Engine,Aether Revolt,AER,6.83,1.39,14.06,7.74
7/18/2017,Paradox Engine,Aether Revolt,AER,6.81,1.31,14.39,7.74
7/19/2017,Paradox Engine,Aether Revolt,AER,6.83,1.35,14.51,7.74
7/20/2017,Paradox Engine,Aether Revolt,AER,6.82,1.4,14.16,7.74
7/21/2017,Paradox Engine,Aether Revolt,AER,6.79,1.43,14.16,7.74
7/22/2017,Paradox Engine,Aether Revolt,AER,6.74,1.41,14.17,7.74
7/23/2017,Paradox Engine,Aether Revolt,AER,6.77,1.42,14.33,7.74
7/24/2017,Paradox Engine,Aether Revolt,AER,6.73,1.43,14.2,7.74
7/25/2017,Paradox Engine,Aether Revolt,AER,6.34,1.4,12.45,7.74
7/26/2017,Paradox Engine,Aether Revolt,AER,6.56,1.42,14.26,7.74
7/27/2017,Paradox Engine,Aether Revolt,AER,6.63,1.43,14.12,7.74
7/28/2017,Paradox Engine,Aether Revolt,AER,6.56,1.43,14.11,7.74
7/29/2017,Paradox Engine,Aether Revolt,AER,6.55,1.46,14.26,7.74
7/30/2017,Paradox Engine,Aether Revolt,AER,6.56,1.43,14.49,7.74
7/31/2017,Paradox Engine,Aether Revolt,AER,6.56,1.41,14.72,7.74
8/1/2017,Paradox Engine,Aether Revolt,AER,6.57,1.44,14.95,7.74
8/2/2017,Paradox Engine,Aether Revolt,AER,6.55,1.4,14.95,7.74
8/3/2017,Paradox Engine,Aether Revolt,AER,6.57,1.42,14.93,7.74
8/4/2017,Paradox Engine,Aether Revolt,AER,6.54,1.4,14.93,7.74
8/5/2017,Paradox Engine,Aether Revolt,AER,6.56,1.41,14.9,7.74
8/6/2017,Paradox Engine,Aether Revolt,AER,6.5,1.43,14.9,7.74
8/7/2017,Paradox Engine,Aether Revolt,AER,6.54,1.35,14.9,7.74
8/8/2017,Paradox Engine,Aether Revolt,AER,6.48,1.36,14.95,7.74
8/9/2017,Paradox Engine,Aether Revolt,AER,6.44,1.36,14.75,7.74
8/10/2017,Paradox Engine,Aether Revolt,AER,6.44,1.18,14.75,7.74
8/11/2017,Paradox Engine,Aether Revolt,AER,6.44,1.01,14.85,7.74
8/12/2017,Paradox Engine,Aether Revolt,AER,6.43,1.02,14.95,7.74
8/13/2017,Paradox Engine,Aether Revolt,AER,6.49,1.05,14.96,7.74
8/14/2017,Paradox Engine,Aether Revolt,AER,6.47,1.13,14.85,7.74
8/15/2017,Paradox Engine,Aether Revolt,AER,6.43,1.14,14.75,7.74
8/16/2017,Paradox Engine,Aether Revolt,AER,6.41,1.25,14.72,7.74
8/17/2017,Paradox Engine,Aether Revolt,AER,6.34,1.18,14.57,7.74
8/18/2017,Paradox Engine,Aether Revolt,AER,6.27,1.22,14.41,7.74
8/19/2017,Paradox Engine,Aether Revolt,AER,6.27,1.29,14.2,7.74
8/20/2017,Paradox Engine,Aether Revolt,AER,6.28,1.38,14.41,7.74
8/21/2017,Paradox Engine,Aether Revolt,AER,6.28,1.38,14.41,7.74
8/22/2017,Paradox Engine,Aether Revolt,AER,6.28,1.39,14.57,6.65
8/23/2017,Paradox Engine,Aether Revolt,AER,6.29,1.4,14.42,6.65
8/24/2017,Paradox Engine,Aether Revolt,AER,6.26,1.49,14.42,6.65
8/25/2017,Paradox Engine,Aether Revolt,AER,6.25,1.5,14.41,6.65
8/26/2017,Paradox Engine,Aether Revolt,AER,6.25,1.5,14.32,6.65
8/27/2017,Paradox Engine,Aether Revolt,AER,6.27,1.51,14.28,6.65
8/28/2017,Paradox Engine,Aether Revolt,AER,6.36,1.51,14.11,6.65
8/29/2017,Paradox Engine,Aether Revolt,AER,6.27,1.53,13.98,6.65
8/30/2017,Paradox Engine,Aether Revolt,AER,6.22,1.54,14.11,6.65
8/31/2017,Paradox Engine,Aether Revolt,AER,6.26,1.64,13.98,6.65
9/1/2017,Paradox Engine,Aether Revolt,AER,6.31,1.71,14.32,6.65
9/2/2017,Paradox Engine,Aether Revolt,AER,6.26,1.76,14.42,6.65
9/3/2017,Paradox Engine,Aether Revolt,AER,6.33,1.77,14.52,6.25
9/4/2017,Paradox Engine,Aether Revolt,AER,6.34,1.77,14.32,6.25
9/5/2017,Paradox Engine,Aether Revolt,AER,6.5,1.76,14.23,6.25
9/6/2017,Paradox Engine,Aether Revolt,AER,6.47,1.7,14.2,6.25
9/7/2017,Paradox Engine,Aether Revolt,AER,6.48,1.69,14.04,6.25
9/8/2017,Paradox Engine,Aether Revolt,AER,6.49,1.69,14.2,6.25
9/9/2017,Paradox Engine,Aether Revolt,AER,6.53,1.68,14.22,6.25
9/10/2017,Paradox Engine,Aether Revolt,AER,6.59,1.73,14.28,6.25
9/11/2017,Paradox Engine,Aether Revolt,AER,6.61,2.2,14.23,6.25
9/12/2017,Paradox Engine,Aether Revolt,AER,6.64,1.93,14.62,6.25
9/13/2017,Paradox Engine,Aether Revolt,AER,6.65,1.99,14.42,6.25
9/14/2017,Paradox Engine,Aether Revolt,AER,6.64,2.09,14.37,6.66
9/15/2017,Paradox Engine,Aether Revolt,AER,6.69,2.06,14.79,6.66
9/16/2017,Paradox Engine,Aether Revolt,AER,6.75,2.08,14.79,6.66
9/17/2017,Paradox Engine,Aether Revolt,AER,6.75,2.04,14.79,6.66
9/18/2017,Paradox Engine,Aether Revolt,AER,6.77,2.04,14.79,6.66
9/19/2017,Paradox Engine,Aether Revolt,AER,6.81,2.01,14.52,6.66
9/20/2017,Paradox Engine,Aether Revolt,AER,6.81,1.99,14.62,6.66
9/21/2017,Paradox Engine,Aether Revolt,AER,6.83,1.99,14.52,6.66
9/22/2017,Paradox Engine,Aether Revolt,AER,6.9,1.99,14.33,6.66
9/23/2017,Paradox Engine,Aether Revolt,AER,6.96,1.99,14.52,6.66
9/24/2017,Paradox Engine,Aether Revolt,AER,6.96,1.98,14.42,6.66
9/25/2017,Paradox Engine,Aether Revolt,AER,6.81,1.89,14.62,6.66
9/26/2017,Paradox Engine,Aether Revolt,AER,6.85,1.87,14.35,6.66
9/27/2017,Paradox Engine,Aether Revolt,AER,6.85,1.72,14.42,6.66
9/28/2017,Paradox Engine,Aether Revolt,AER,6.83,1.57,14.42,6.66
9/29/2017,Paradox Engine,Aether Revolt,AER,6.84,1.59,14.78,6.66
9/30/2017,Paradox Engine,Aether Revolt,AER,6.92,1.47,14.52,6.66
10/1/2017,Paradox Engine,Aether Revolt,AER,6.92,1.39,14.78,6.66
10/2/2017,Paradox Engine,Aether Revolt,AER,7,1.18,14.95,6.66
10/3/2017,Paradox Engine,Aether Revolt,AER,7,0.99,14.87,6.66
10/4/2017,Paradox Engine,Aether Revolt,AER,6.97,1.01,14.95,6.66
10/5/2017,Paradox Engine,Aether Revolt,AER,6.99,1.05,14.79,6.66
10/6/2017,Paradox Engine,Aether Revolt,AER,6.99,1.03,14.99,6.66
10/7/2017,Paradox Engine,Aether Revolt,AER,6.97,1.13,14.99,6.66
10/8/2017,Paradox Engine,Aether Revolt,AER,7,1.14,14.99,6.66
10/9/2017,Paradox Engine,Aether Revolt,AER,7.02,1.14,14.99,6.66
10/10/2017,Paradox Engine,Aether Revolt,AER,7,1.17,14.99,6.66
10/11/2017,Paradox Engine,Aether Revolt,AER,7.13,1.18,14.99,6.66
10/12/2017,Paradox Engine,Aether Revolt,AER,7.02,1.2,16,6.66
10/13/2017,Paradox Engine,Aether Revolt,AER,7.12,1.18,16.01,6.66
10/14/2017,Paradox Engine,Aether Revolt,AER,7.15,1.18,16.01,6.66
10/15/2017,Paradox Engine,Aether Revolt,AER,7.04,1.17,16.01,6.66
10/16/2017,Paradox Engine,Aether Revolt,AER,7.12,1.18,16.01,6.66
10/17/2017,Paradox Engine,Aether Revolt,AER,0,1.19,0,6.66
10/18/2017,Paradox Engine,Aether Revolt,AER,0,1.24,0,6.66
10/19/2017,Paradox Engine,Aether Revolt,AER,7.21,1.26,15.47,6.66
10/20/2017,Paradox Engine,Aether Revolt,AER,7.28,1.24,15.74,6.66
10/21/2017,Paradox Engine,Aether Revolt,AER,7.28,1.24,16.01,6.66
10/22/2017,Paradox Engine,Aether Revolt,AER,7.26,1.24,16,6.66
10/23/2017,Paradox Engine,Aether Revolt,AER,7.24,1.21,16.01,6.66
10/24/2017,Paradox Engine,Aether Revolt,AER,7.34,1.21,15.81,6.66
10/25/2017,Paradox Engine,Aether Revolt,AER,7.33,1.24,15.81,6.66
10/26/2017,Paradox Engine,Aether Revolt,AER,7.38,1.29,15.81,6.66
10/27/2017,Paradox Engine,Aether Revolt,AER,7.39,1.26,15.17,6.66
10/28/2017,Paradox Engine,Aether Revolt,AER,7.41,1.58,14.99,6.66
10/29/2017,Paradox Engine,Aether Revolt,AER,7.41,1.7,14.99,6.66
10/30/2017,Paradox Engine,Aether Revolt,AER,7.41,1.34,15.08,6.66
10/31/2017,Paradox Engine,Aether Revolt,AER,7.48,1.31,15.2,6.66
11/1/2017,Paradox Engine,Aether Revolt,AER,7.42,1.32,15.19,6.66
11/2/2017,Paradox Engine,Aether Revolt,AER,7.43,1.35,15.17,6.66
11/3/2017,Paradox Engine,Aether Revolt,AER,7.41,1.44,14.87,6.66
11/4/2017,Paradox Engine,Aether Revolt,AER,7.49,1.39,15.24,6.66
11/5/2017,Paradox Engine,Aether Revolt,AER,7.39,1.38,15.24,6.87
11/6/2017,Paradox Engine,Aether Revolt,AER,7.32,1.36,15.24,6.87
11/7/2017,Paradox Engine,Aether Revolt,AER,7.46,1.37,15.08,6.87
11/8/2017,Paradox Engine,Aether Revolt,AER,7.53,1.38,16.13,6.87
11/9/2017,Paradox Engine,Aether Revolt,AER,7.53,0,15.59,0
11/10/2017,Paradox Engine,Aether Revolt,AER,7.53,1.38,16,6.87
11/11/2017,Paradox Engine,Aether Revolt,AER,7.78,1.4,16,6.87
11/12/2017,Paradox Engine,Aether Revolt,AER,7.53,1.41,16,6.87
11/13/2017,Paradox Engine,Aether Revolt,AER,7.78,1.4,15.99,6.87
11/14/2017,Paradox Engine,Aether Revolt,AER,7.52,1.33,15.17,6.87
11/15/2017,Paradox Engine,Aether Revolt,AER,7.62,1.3,15.17,6.87
11/16/2017,Paradox Engine,Aether Revolt,AER,7.71,1.33,15.17,6.87
11/17/2017,Paradox Engine,Aether Revolt,AER,7.71,1.22,15.17,6.87
11/18/2017,Paradox Engine,Aether Revolt,AER,7.8,1.18,15.53,6.87
11/19/2017,Paradox Engine,Aether Revolt,AER,7.94,1.19,15.53,6.87
11/20/2017,Paradox Engine,Aether Revolt,AER,7.92,1.08,15.49,6.87
11/21/2017,Paradox Engine,Aether Revolt,AER,7.83,1.02,15.17,6.87
11/22/2017,Paradox Engine,Aether Revolt,AER,7.77,1.02,15.08,6.87
11/23/2017,Paradox Engine,Aether Revolt,AER,7.73,0.97,14.99,6.87
11/24/2017,Paradox Engine,Aether Revolt,AER,7.97,0.97,14.99,6.87
11/25/2017,Paradox Engine,Aether Revolt,AER,7.99,0.98,14.99,6.87
11/26/2017,Paradox Engine,Aether Revolt,AER,7.99,0.98,15.08,6.87
11/27/2017,Paradox Engine,Aether Revolt,AER,8,0.98,14.99,6.87
11/28/2017,Paradox Engine,Aether Revolt,AER,8.03,0.96,15.17,6.87
11/29/2017,Paradox Engine,Aether Revolt,AER,8,0.96,15.16,6.87
11/30/2017,Paradox Engine,Aether Revolt,AER,7.96,0.93,15.17,6.87
12/1/2017,Paradox Engine,Aether Revolt,AER,7.95,0.94,15.17,6.87
12/2/2017,Paradox Engine,Aether Revolt,AER,8,0.95,15.09,6.87
12/3/2017,Paradox Engine,Aether Revolt,AER,8,0.99,15,6.87
12/4/2017,Paradox Engine,Aether Revolt,AER,8,0.99,15.13,6.87
12/5/2017,Paradox Engine,Aether Revolt,AER,8,1,14.99,6.87
12/6/2017,Paradox Engine,Aether Revolt,AER,8,1.01,15.05,6.87
12/7/2017,Paradox Engine,Aether Revolt,AER,8,1.04,14.99,6.87
12/8/2017,Paradox Engine,Aether Revolt,AER,8,0.98,14.99,6.87
12/9/2017,Paradox Engine,Aether Revolt,AER,8,0.96,15.04,6.87
12/10/2017,Paradox Engine,Aether Revolt,AER,8,0.97,14.99,6.87
12/11/2017,Paradox Engine,Aether Revolt,AER,8,1,14.99,6.87
12/12/2017,Paradox Engine,Aether Revolt,AER,8,1,14.98,6.87
12/13/2017,Paradox Engine,Aether Revolt,AER,8,0.98,15.02,6.87
12/14/2017,Paradox Engine,Aether Revolt,AER,8,1.01,15,6.87
12/15/2017,Paradox Engine,Aether Revolt,AER,7.99,1.01,15.42,6.87
12/16/2017,Paradox Engine,Aether Revolt,AER,8,1.04,15.49,6.87
12/17/2017,Paradox Engine,Aether Revolt,AER,7.99,1.04,15.42,6.87
12/18/2017,Paradox Engine,Aether Revolt,AER,7.99,1.01,15.34,6.87
12/19/2017,Paradox Engine,Aether Revolt,AER,7.99,0.97,15.93,6.87
12/20/2017,Paradox Engine,Aether Revolt,AER,7.99,0.89,15,6.87
12/21/2017,Paradox Engine,Aether Revolt,AER,7.96,0.87,15,6.87
12/22/2017,Paradox Engine,Aether Revolt,AER,7.89,0.86,15.02,6.87
12/23/2017,Paradox Engine,Aether Revolt,AER,7.86,0.87,15.02,6.87
12/24/2017,Paradox Engine,Aether Revolt,AER,7.93,0.87,15.02,6.87
12/25/2017,Paradox Engine,Aether Revolt,AER,7.95,0.86,15.02,6.87
12/26/2017,Paradox Engine,Aether Revolt,AER,7.98,0.85,15.1,6.87
12/27/2017,Paradox Engine,Aether Revolt,AER,8,0.85,15.07,6.87
12/28/2017,Paradox Engine,Aether Revolt,AER,7.98,0.86,15.07,6.87
12/29/2017,Paradox Engine,Aether Revolt,AER,8,0.87,15.04,6.87
12/30/2017,Paradox Engine,Aether Revolt,AER,8.02,0.87,15.04,6.87
12/31/2017,Paradox Engine,Aether Revolt,AER,8,0.89,15.04,6.87
1/1/2018,Paradox Engine,Aether Revolt,AER,8,0.89,15.04,6.87
1/2/2018,Paradox Engine,Aether Revolt,AER,8.06,0.89,15,6.87
1/3/2018,Paradox Engine,Aether Revolt,AER,8.2,0.88,15.93,6.87
1/4/2018,Paradox Engine,Aether Revolt,AER,8.07,0.89,15.52,6.87
1/5/2018,Paradox Engine,Aether Revolt,AER,8.11,0.9,15.19,6.87
1/6/2018,Paradox Engine,Aether Revolt,AER,8.15,0.88,15.14,6.87
1/7/2018,Paradox Engine,Aether Revolt,AER,8.04,0.88,15.03,6.87
1/8/2018,Paradox Engine,Aether Revolt,AER,8.16,0.86,15.15,6.87
1/9/2018,Paradox Engine,Aether Revolt,AER,8.19,0.82,14.97,6.87
1/10/2018,Paradox Engine,Aether Revolt,AER,8.19,0.83,14.86,6.87
1/11/2018,Paradox Engine,Aether Revolt,AER,8.18,0.78,15.01,6.87
1/12/2018,Paradox Engine,Aether Revolt,AER,8.25,0.74,15,6.87
1/13/2018,Paradox Engine,Aether Revolt,AER,8.33,0.77,14.94,6.87
1/14/2018,Paradox Engine,Aether Revolt,AER,8.36,0.8,14.9,6.87
1/15/2018,Paradox Engine,Aether Revolt,AER,8.54,0.78,14.83,6.87
1/16/2018,Paradox Engine,Aether Revolt,AER,8.54,0.81,14.86,6.87
1/17/2018,Paradox Engine,Aether Revolt,AER,8.61,0.86,14.87,6.87
1/18/2018,Paradox Engine,Aether Revolt,AER,8.55,0.83,14.68,6.87
1/19/2018,Paradox Engine,Aether Revolt,AER,8.92,0.87,14.68,6.87
1/20/2018,Paradox Engine,Aether Revolt,AER,8.81,0.9,14.85,6.87
1/21/2018,Paradox Engine,Aether Revolt,AER,8.99,0.92,14.68,6.87
1/22/2018,Paradox Engine,Aether Revolt,AER,8.7,0.94,14.68,6.87
1/23/2018,Paradox Engine,Aether Revolt,AER,8.99,0.97,14.68,6.87
1/24/2018,Paradox Engine,Aether Revolt,AER,9,0.97,14.54,6.87
1/25/2018,Paradox Engine,Aether Revolt,AER,9,1.09,15.1,6.87
1/26/2018,Paradox Engine,Aether Revolt,AER,8.9,1.16,14.85,6.87
1/27/2018,Paradox Engine,Aether Revolt,AER,8.97,1.44,15.34,6.87
1/28/2018,Paradox Engine,Aether Revolt,AER,8.94,1.38,15.08,6.87
1/29/2018,Paradox Engine,Aether Revolt,AER,8.89,1.5,15.06,6.87
1/30/2018,Paradox Engine,Aether Revolt,AER,8.9,1.22,15.8,6.87
1/31/2018,Paradox Engine,Aether Revolt,AER,8.94,1.16,16.43,6.87
2/1/2018,Paradox Engine,Aether Revolt,AER,9,1.28,17.24,6.87
2/2/2018,Paradox Engine,Aether Revolt,AER,9,1.3,17.3,6.87
2/3/2018,Paradox Engine,Aether Revolt,AER,9,1.4,16.12,6.87
2/4/2018,Paradox Engine,Aether Revolt,AER,9,1.51,15.68,6.87
2/5/2018,Paradox Engine,Aether Revolt,AER,9.41,1.13,15.63,6.87
2/6/2018,Paradox Engine,Aether Revolt,AER,9.12,1.17,16.12,6.87
2/7/2018,Paradox Engine,Aether Revolt,AER,9.48,1.18,16.31,6.87
2/8/2018,Paradox Engine,Aether Revolt,AER,9.49,1.19,16.43,6.87
2/9/2018,Paradox Engine,Aether Revolt,AER,9.45,1.18,16.31,6.87
2/10/2018,Paradox Engine,Aether Revolt,AER,9.41,1.21,16.95,6.87
2/11/2018,Paradox Engine,Aether Revolt,AER,9.43,1.18,16.95,6.87
2/12/2018,Paradox Engine,Aether Revolt,AER,0,1.17,0,6.87
2/13/2018,Paradox Engine,Aether Revolt,AER,9.88,1.15,16.95,6.87
2/14/2018,Paradox Engine,Aether Revolt,AER,9.81,1.13,16.95,6.87
2/15/2018,Paradox Engine,Aether Revolt,AER,9.77,1.11,16.95,6.87
2/16/2018,Paradox Engine,Aether Revolt,AER,9.88,0.95,16.95,6.87
2/17/2018,Paradox Engine,Aether Revolt,AER,9.93,0.95,16.95,6.87
2/18/2018,Paradox Engine,Aether Revolt,AER,9.96,0.92,16.95,6.87
2/19/2018,Paradox Engine,Aether Revolt,AER,9.91,0.9,16.94,6.87
2/20/2018,Paradox Engine,Aether Revolt,AER,9.91,0.89,16.69,6.87
2/21/2018,Paradox Engine,Aether Revolt,AER,9.99,0.88,16.43,6.87
2/22/2018,Paradox Engine,Aether Revolt,AER,10.41,0.89,16.69,6.87
2/23/2018,Paradox Engine,Aether Revolt,AER,10.49,0.84,16.87,6.87
2/24/2018,Paradox Engine,Aether Revolt,AER,10.52,0.86,16.87,6.87
2/25/2018,Paradox Engine,Aether Revolt,AER,10.44,0.86,16.87,6.87
2/26/2018,Paradox Engine,Aether Revolt,AER,10.44,0.85,16.87,6.87
2/27/2018,Paradox Engine,Aether Revolt,AER,10.4,0.78,17.57,6.87
2/28/2018,Paradox Engine,Aether Revolt,AER,10.44,0.79,17.71,6.87
3/1/2018,Paradox Engine,Aether Revolt,AER,10.47,0.77,17.71,6.87
3/2/2018,Paradox Engine,Aether Revolt,AER,10.3,0.74,18.06,6.87
3/3/2018,Paradox Engine,Aether Revolt,AER,10.24,0.71,18.18,6.87
3/4/2018,Paradox Engine,Aether Revolt,AER,10.3,0.79,18.19,6.87
3/5/2018,Paradox Engine,Aether Revolt,AER,10.45,0.75,18.05,6.87
3/6/2018,Paradox Engine,Aether Revolt,AER,10.49,0.73,18.05,6.87
3/7/2018,Paradox Engine,Aether Revolt,AER,10.89,0.74,18.3,6.87
3/8/2018,Paradox Engine,Aether Revolt,AER,10.55,0.74,18.3,6.87
3/9/2018,Paradox Engine,Aether Revolt,AER,10.9,0.74,18.49,6.87
3/10/2018,Paradox Engine,Aether Revolt,AER,10.95,0.71,18.54,6.87
3/11/2018,Paradox Engine,Aether Revolt,AER,10.81,0.74,18.52,6.87
3/12/2018,Paradox Engine,Aether Revolt,AER,10.95,0.75,18.49,6.87
3/13/2018,Paradox Engine,Aether Revolt,AER,10.94,0.77,18.49,6.87
3/14/2018,Paradox Engine,Aether Revolt,AER,11,0.76,18.49,6.87
3/15/2018,Paradox Engine,Aether Revolt,AER,11.38,0.78,18.48,6.87
3/16/2018,Paradox Engine,Aether Revolt,AER,11.99,0.77,18.49,6.87
3/17/2018,Paradox Engine,Aether Revolt,AER,12.03,0.81,18.54,6.87
3/18/2018,Paradox Engine,Aether Revolt,AER,11.95,0.82,18.54,6.87
3/19/2018,Paradox Engine,Aether Revolt,AER,12,0.8,24.99,6.87
3/20/2018,Paradox Engine,Aether Revolt,AER,12,0.78,24.99,6.87
3/21/2018,Paradox Engine,Aether Revolt,AER,12,0.79,22.99,6.87
3/22/2018,Paradox Engine,Aether Revolt,AER,12.39,0.81,22.99,6.87
3/23/2018,Paradox Engine,Aether Revolt,AER,12.25,1.29,20.23,6.87
3/24/2018,Paradox Engine,Aether Revolt,AER,12.1,0.91,20.23,6.87
3/25/2018,Paradox Engine,Aether Revolt,AER,12,0.96,24.99,6.87
3/26/2018,Paradox Engine,Aether Revolt,AER,11.99,0.94,24.99,6.87
3/27/2018,Paradox Engine,Aether Revolt,AER,12,0.97,24.95,6.87
3/28/2018,Paradox Engine,Aether Revolt,AER,11.99,0.97,24.95,6.87
3/29/2018,Paradox Engine,Aether Revolt,AER,12,0.99,20.49,6.87
3/30/2018,Paradox Engine,Aether Revolt,AER,12,0.99,22.74,6.87
3/31/2018,Paradox Engine,Aether Revolt,AER,12.03,1.02,24.95,6.87
4/1/2018,Paradox Engine,Aether Revolt,AER,12,1.02,24.22,6.87
4/2/2018,Paradox Engine,Aether Revolt,AER,12.15,1.07,24.97,6.87
4/3/2018,Paradox Engine,Aether Revolt,AER,12.22,1.09,24.95,6.87
4/4/2018,Paradox Engine,Aether Revolt,AER,12.42,1.14,24.87,6.87
4/5/2018,Paradox Engine,Aether Revolt,AER,13,1.15,24.87,6.87
4/6/2018,Paradox Engine,Aether Revolt,AER,13.59,1.26,24.87,6.87
4/7/2018,Paradox Engine,Aether Revolt,AER,13,1.3,24.86,6.87
4/8/2018,Paradox Engine,Aether Revolt,AER,12.84,1.29,24.87,6.87
4/9/2018,Paradox Engine,Aether Revolt,AER,12.86,1.36,24.87,6.87
4/10/2018,Paradox Engine,Aether Revolt,AER,12.73,1.38,24.93,6.87
4/11/2018,Paradox Engine,Aether Revolt,AER,12.83,1.39,24.99,6.87
4/12/2018,Paradox Engine,Aether Revolt,AER,12.95,1.44,24.99,6.87
4/13/2018,Paradox Engine,Aether Revolt,AER,12.98,1.44,24.99,6.87
4/14/2018,Paradox Engine,Aether Revolt,AER,13,1.43,24.99,6.87
4/15/2018,Paradox Engine,Aether Revolt,AER,13.08,1.41,24.99,6.87
4/16/2018,Paradox Engine,Aether Revolt,AER,13.7,1.3,25,6.87
4/17/2018,Paradox Engine,Aether Revolt,AER,13.91,1.3,24.92,6.87
4/18/2018,Paradox Engine,Aether Revolt,AER,13.99,1.3,25,6.87
4/19/2018,Paradox Engine,Aether Revolt,AER,14.49,1.31,26,6.87
4/20/2018,Paradox Engine,Aether Revolt,AER,14.49,1.31,24,6.87
4/21/2018,Paradox Engine,Aether Revolt,AER,14.32,1.31,24,6.87
4/22/2018,Paradox Engine,Aether Revolt,AER,14.36,1.36,25.5,6.87
4/23/2018,Paradox Engine,Aether Revolt,AER,14.24,1.83,26.99,6.87
4/24/2018,Paradox Engine,Aether Revolt,AER,14.75,1.9,49.13,6.87
4/25/2018,Paradox Engine,Aether Revolt,AER,14.99,1.62,48.98,6.87
4/26/2018,Paradox Engine,Aether Revolt,AER,14.99,1.68,47.82,6.87
4/27/2018,Paradox Engine,Aether Revolt,AER,14.95,1.43,46.88,6.87
4/28/2018,Paradox Engine,Aether Revolt,AER,14.77,1.52,46.88,6.87
4/29/2018,Paradox Engine,Aether Revolt,AER,14.5,1.4,45.94,6.87
4/30/2018,Paradox Engine,Aether Revolt,AER,15,1.24,47.44,6.87
5/1/2018,Paradox Engine,Aether Revolt,AER,15,1.3,47.44,6.87
5/2/2018,Paradox Engine,Aether Revolt,AER,15,1.32,46.5,6.87
5/3/2018,Paradox Engine,Aether Revolt,AER,15,1.35,45,6.87
5/4/2018,Paradox Engine,Aether Revolt,AER,15,1.34,45,6.87
5/5/2018,Paradox Engine,Aether Revolt,AER,15,1.34,45,6.87
5/6/2018,Paradox Engine,Aether Revolt,AER,15,1.7,45,6.87
5/7/2018,Paradox Engine,Aether Revolt,AER,15.05,1.24,45.25,6.87
5/8/2018,Paradox Engine,Aether Revolt,AER,16.05,1.38,41.5,6.87
5/9/2018,Paradox Engine,Aether Revolt,AER,16.05,1.36,39.99,6.87
5/10/2018,Paradox Engine,Aether Revolt,AER,15.99,1.39,39.99,6.87
5/11/2018,Paradox Engine,Aether Revolt,AER,15.99,1.44,39.99,6.87
5/12/2018,Paradox Engine,Aether Revolt,AER,15.99,1.5,39.99,6.87
5/13/2018,Paradox Engine,Aether Revolt,AER,15.48,1.54,39.99,6.87
5/14/2018,Paradox Engine,Aether Revolt,AER,15.99,1.56,39.99,6.87
5/15/2018,Paradox Engine,Aether Revolt,AER,15.99,1.53,38,6.87
5/16/2018,Paradox Engine,Aether Revolt,AER,15.99,1.54,38,6.87
5/17/2018,Paradox Engine,Aether Revolt,AER,16,1.58,38,6.87
5/18/2018,Paradox Engine,Aether Revolt,AER,15.99,1.55,38,6.87
5/19/2018,Paradox Engine,Aether Revolt,AER,15.99,1.52,38,6.87
5/20/2018,Paradox Engine,Aether Revolt,AER,15.99,1.54,37.95,6.87
5/21/2018,Paradox Engine,Aether Revolt,AER,16,1.56,37.97,6.87
5/22/2018,Paradox Engine,Aether Revolt,AER,15.99,1.52,37.97,6.87
5/23/2018,Paradox Engine,Aether Revolt,AER,15.25,1.5,36.99,6.87
5/24/2018,Paradox Engine,Aether Revolt,AER,15.92,1.49,36.49,6.87
5/25/2018,Paradox Engine,Aether Revolt,AER,15.97,1.51,35.5,6.87
5/26/2018,Paradox Engine,Aether Revolt,AER,15.99,1.53,35,6.87
5/27/2018,Paradox Engine,Aether Revolt,AER,15.99,1.56,34.06,6.87
5/28/2018,Paradox Engine,Aether Revolt,AER,15.99,1.57,33,6.87
5/29/2018,Paradox Engine,Aether Revolt,AER,15.99,1.61,32.99,6.87
5/30/2018,Paradox Engine,Aether Revolt,AER,15.99,1.4,32.49,6.86
5/31/2018,Paradox Engine,Aether Revolt,AER,15.97,1.27,32.74,6.86
6/1/2018,Paradox Engine,Aether Revolt,AER,15.97,1.27,32,6.86
6/2/2018,Paradox Engine,Aether Revolt,AER,16,1.27,32.49,6.86
6/3/2018,Paradox Engine,Aether Revolt,AER,16,1.27,32.25,6.86
6/4/2018,Paradox Engine,Aether Revolt,AER,16,1.25,31.95,6.86
6/5/2018,Paradox Engine,Aether Revolt,AER,16,1.27,31.59,6.86
6/6/2018,Paradox Engine,Aether Revolt,AER,15.99,1.24,32.25,6.86
6/7/2018,Paradox Engine,Aether Revolt,AER,16,1.24,31.99,6.86
6/8/2018,Paradox Engine,Aether Revolt,AER,15.99,1.25,31.98,6.86
6/9/2018,Paradox Engine,Aether Revolt,AER,15.99,1.26,31.99,6.86
6/10/2018,Paradox Engine,Aether Revolt,AER,15.97,1.3,31.79,6.86
6/11/2018,Paradox Engine,Aether Revolt,AER,15.97,1.26,31.98,6.86
6/12/2018,Paradox Engine,Aether Revolt,AER,16,1.22,31.99,6.86
6/13/2018,Paradox Engine,Aether Revolt,AER,15.98,1.39,31.98,6.86
6/14/2018,Paradox Engine,Aether Revolt,AER,15.35,1.27,30.92,6.86
6/15/2018,Paradox Engine,Aether Revolt,AER,15.35,1.24,31.35,6.86
6/16/2018,Paradox Engine,Aether Revolt,AER,15.49,1.22,31.35,6.86
6/17/2018,Paradox Engine,Aether Revolt,AER,15.31,1.2,30.92,6.86
6/18/2018,Paradox Engine,Aether Revolt,AER,15.57,1.19,30.23,6.86
6/19/2018,Paradox Engine,Aether Revolt,AER,16,1.13,30.22,6.86
6/20/2018,Paradox Engine,Aether Revolt,AER,16.07,1.13,30.19,1.14
6/21/2018,Paradox Engine,Aether Revolt,AER,15.62,1.06,30.2,1.14
6/22/2018,Paradox Engine,Aether Revolt,AER,15.75,1.01,30.23,1.14
6/23/2018,Paradox Engine,Aether Revolt,AER,15.98,0.97,30.49,1.14
6/24/2018,Paradox Engine,Aether Revolt,AER,15.91,0.96,30.79,1.14
6/25/2018,Paradox Engine,Aether Revolt,AER,16.07,0.94,31.35,1.14
6/26/2018,Paradox Engine,Aether Revolt,AER,15.99,0.93,31.59,1.14
6/27/2018,Paradox Engine,Aether Revolt,AER,15.99,0.9,31.47,1.14
6/28/2018,Paradox Engine,Aether Revolt,AER,15.8,0.87,31.59,1.14
6/29/2018,Paradox Engine,Aether Revolt,AER,15.6,0.86,31.8,1.14
6/30/2018,Paradox Engine,Aether Revolt,AER,15.27,0.86,31.8,1.14
7/1/2018,Paradox Engine,Aether Revolt,AER,15.23,0.85,31.59,1.06
7/2/2018,Paradox Engine,Aether Revolt,AER,15.35,0.82,32,1.06
7/3/2018,Paradox Engine,Aether Revolt,AER,15.22,0.76,31.8,1.06
7/4/2018,Paradox Engine,Aether Revolt,AER,0,0.76,0,1.06
7/5/2018,Paradox Engine,Aether Revolt,AER,15.98,0.77,31.68,1.06
7/6/2018,Paradox Engine,Aether Revolt,AER,16.07,0.69,31.47,1.06
7/7/2018,Paradox Engine,Aether Revolt,AER,16.07,0.72,31.47,1.06
7/8/2018,Paradox Engine,Aether Revolt,AER,16.1,0.7,31.47,1.06
7/9/2018,Paradox Engine,Aether Revolt,AER,16.12,0.69,31.34,1.06
7/10/2018,Paradox Engine,Aether Revolt,AER,16.14,0.68,30.2,1.06
7/11/2018,Paradox Engine,Aether Revolt,AER,16.17,0.65,30.77,1.06
7/12/2018,Paradox Engine,Aether Revolt,AER,16.18,0.65,31.35,1.06
7/13/2018,Paradox Engine,Aether Revolt,AER,16.16,0.62,31.35,0.96
7/14/2018,Paradox Engine,Aether Revolt,AER,16.23,0.64,31.34,0.96
7/15/2018,Paradox Engine,Aether Revolt,AER,16.25,0.63,30.77,0.96
7/16/2018,Paradox Engine,Aether Revolt,AER,16.25,0.63,30.19,0.96
7/17/2018,Paradox Engine,Aether Revolt,AER,16.25,0.65,30.12,0.96
7/18/2018,Paradox Engine,Aether Revolt,AER,16.2,0.66,30.04,0.96
7/19/2018,Paradox Engine,Aether Revolt,AER,16.22,0.72,30.2,0.96
7/20/2018,Paradox Engine,Aether Revolt,AER,16.19,0.73,30.12,0.96
7/21/2018,Paradox Engine,Aether Revolt,AER,16.22,0.74,30.12,0.96
7/22/2018,Paradox Engine,Aether Revolt,AER,16.19,0.76,30,0.96
7/23/2018,Paradox Engine,Aether Revolt,AER,16.25,0.77,30.04,0.96
7/24/2018,Paradox Engine,Aether Revolt,AER,16.23,0.9,30.2,0.96
7/25/2018,Paradox Engine,Aether Revolt,AER,16.22,0.86,30.19,0.86
7/26/2018,Paradox Engine,Aether Revolt,AER,16.15,0.92,30.04,0.96
7/27/2018,Paradox Engine,Aether Revolt,AER,16.17,0.95,30.12,1.42
7/28/2018,Paradox Engine,Aether Revolt,AER,16.14,1.02,31.34,1.42
7/29/2018,Paradox Engine,Aether Revolt,AER,16,1.02,31.92,1.42
7/30/2018,Paradox Engine,Aether Revolt,AER,16,1.02,32.49,1.3
7/31/2018,Paradox Engine,Aether Revolt,AER,15.94,0.95,31.92,1.3
8/1/2018,Paradox Engine,Aether Revolt,AER,15.97,0.96,33.74,1.3
8/2/2018,Paradox Engine,Aether Revolt,AER,16,0.93,32.49,1.06
8/3/2018,Paradox Engine,Aether Revolt,AER,15.97,0.9,32.49,1.06
8/4/2018,Paradox Engine,Aether Revolt,AER,15.99,0.9,33.74,1.06
8/5/2018,Paradox Engine,Aether Revolt,AER,15.98,0.87,33.74,1.06
8/6/2018,Paradox Engine,Aether Revolt,AER,15.98,0.86,31.92,1.06
8/7/2018,Paradox Engine,Aether Revolt,AER,15.98,0.84,31.92,1.07
8/8/2018,Paradox Engine,Aether Revolt,AER,16,0.83,32.49,1.18
8/9/2018,Paradox Engine,Aether Revolt,AER,16,0.81,32.49,1.18
8/10/2018,Paradox Engine,Aether Revolt,AER,15.86,0.79,32.49,1.18
8/11/2018,Paradox Engine,Aether Revolt,AER,16,0.77,35,1.18
8/12/2018,Paradox Engine,Aether Revolt,AER,16.14,0.79,35,1.07
8/13/2018,Paradox Engine,Aether Revolt,AER,16.06,0.78,35,1.07
8/14/2018,Paradox Engine,Aether Revolt,AER,16,0.78,35,1.18
8/15/2018,Paradox Engine,Aether Revolt,AER,15.99,0.75,35,1.18
8/16/2018,Paradox Engine,Aether Revolt,AER,16.11,0.74,35,1.18
8/17/2018,Paradox Engine,Aether Revolt,AER,16.53,0.76,35,1.18
8/18/2018,Paradox Engine,Aether Revolt,AER,16.36,0.9,35,1.18
8/19/2018,Paradox Engine,Aether Revolt,AER,16.71,0.76,35,1.18
8/20/2018,Paradox Engine,Aether Revolt,AER,16.6,0.79,35,1.18
8/21/2018,Paradox Engine,Aether Revolt,AER,16.77,0.77,34.24,1.18
8/22/2018,Paradox Engine,Aether Revolt,AER,16.77,0.76,34.99,1.18
8/23/2018,Paradox Engine,Aether Revolt,AER,16.44,0.77,33.49,1.18
8/24/2018,Paradox Engine,Aether Revolt,AER,16.41,0.72,33.37,1.18
8/25/2018,Paradox Engine,Aether Revolt,AER,16.5,0.76,33.49,1.18
8/26/2018,Paradox Engine,Aether Revolt,AER,16.48,0.78,33.49,1.18
8/27/2018,Paradox Engine,Aether Revolt,AER,16.71,0.78,33.37,1.18
8/28/2018,Paradox Engine,Aether Revolt,AER,16.81,0.75,33.59,1.18
8/29/2018,Paradox Engine,Aether Revolt,AER,16.62,0.76,33.07,1.18
8/30/2018,Paradox Engine,Aether Revolt,AER,16.71,0.77,33.07,1.18
8/31/2018,Paradox Engine,Aether Revolt,AER,16.71,0.75,32.45,1.18
9/1/2018,Paradox Engine,Aether Revolt,AER,16.91,0.75,32.9,1.18
9/2/2018,Paradox Engine,Aether Revolt,AER,16.71,0.76,33.25,1.18
9/3/2018,Paradox Engine,Aether Revolt,AER,16.81,0.77,33.59,1.06
9/4/2018,Paradox Engine,Aether Revolt,AER,16.53,0.78,34.99,1.06
9/5/2018,Paradox Engine,Aether Revolt,AER,16.96,0.74,33.25,1.06
9/6/2018,Paradox Engine,Aether Revolt,AER,16.97,0.71,31.36,1.06
9/7/2018,Paradox Engine,Aether Revolt,AER,16.99,0.7,31.93,1.06
9/8/2018,Paradox Engine,Aether Revolt,AER,16.99,0.69,32.49,1.06
9/9/2018,Paradox Engine,Aether Revolt,AER,17.04,0.7,30.77,1.06
9/10/2018,Paradox Engine,Aether Revolt,AER,17.04,0.69,30.77,1.06
9/11/2018,Paradox Engine,Aether Revolt,AER,16.99,0.67,30.77,0.95
9/12/2018,Paradox Engine,Aether Revolt,AER,17.02,0.66,30.77,0.95
9/13/2018,Paradox Engine,Aether Revolt,AER,16.99,0.64,30.2,0.95
9/14/2018,Paradox Engine,Aether Revolt,AER,17.04,0.63,30.2,0.95
9/15/2018,Paradox Engine,Aether Revolt,AER,17.04,0.64,30.2,0.95
9/16/2018,Paradox Engine,Aether Revolt,AER,17.09,0.64,30.77,0.95
9/17/2018,Paradox Engine,Aether Revolt,AER,16.99,0.66,31.42,0.95
9/18/2018,Paradox Engine,Aether Revolt,AER,16.99,0.64,30.08,0.95
9/19/2018,Paradox Engine,Aether Revolt,AER,17.04,0.66,30.08,0.84
9/20/2018,Paradox Engine,Aether Revolt,AER,16.99,0.64,30.08,0.84
9/21/2018,Paradox Engine,Aether Revolt,AER,16.97,0.64,30.19,0.84
9/22/2018,Paradox Engine,Aether Revolt,AER,16.71,0.63,30.08,0.84
9/23/2018,Paradox Engine,Aether Revolt,AER,16.49,0.63,30.14,0.84
9/24/2018,Paradox Engine,Aether Revolt,AER,16.68,0.62,30.19,0.84
9/25/2018,Paradox Engine,Aether Revolt,AER,16.84,0.61,30.65,0.84
9/26/2018,Paradox Engine,Aether Revolt,AER,16.5,0.61,31.1,0.84
9/27/2018,Paradox Engine,Aether Revolt,AER,16.71,0.55,30.64,0.84
9/28/2018,Paradox Engine,Aether Revolt,AER,16.5,0.52,30.14,0.84
9/29/2018,Paradox Engine,Aether Revolt,AER,16.5,0.51,30.14,0.84
9/30/2018,Paradox Engine,Aether Revolt,AER,16.71,0.47,30.04,0.84
10/1/2018,Paradox Engine,Aether Revolt,AER,16.42,0.48,30.08,0.84
10/2/2018,Paradox Engine,Aether Revolt,AER,16.39,0.45,30.04,0.84
10/3/2018,Paradox Engine,Aether Revolt,AER,16.42,0.47,30.14,0.84
10/4/2018,Paradox Engine,Aether Revolt,AER,16.99,0.42,30.04,0.84
10/5/2018,Paradox Engine,Aether Revolt,AER,16.99,0.4,30.14,0.84
10/6/2018,Paradox Engine,Aether Revolt,AER,16.99,0.41,30.04,0.84
10/7/2018,Paradox Engine,Aether Revolt,AER,16.99,0.41,30.08,0.84
10/8/2018,Paradox Engine,Aether Revolt,AER,17.04,0.4,30.14,0.84
10/9/2018,Paradox Engine,Aether Revolt,AER,16.99,0.37,30.08,0.84
10/10/2018,Paradox Engine,Aether Revolt,AER,16.71,0.38,30.08,0.84
10/11/2018,Paradox Engine,Aether Revolt,AER,16.71,0.35,30.19,0.84
10/12/2018,Paradox Engine,Aether Revolt,AER,16.63,0.35,30,0.84
10/13/2018,Paradox Engine,Aether Revolt,AER,16.45,0.37,30,0.84
10/14/2018,Paradox Engine,Aether Revolt,AER,16.39,0.38,29.99,0.84
10/15/2018,Paradox Engine,Aether Revolt,AER,16.32,0.36,30,0.84
10/16/2018,Paradox Engine,Aether Revolt,AER,16.24,0.36,30,0.84
10/17/2018,Paradox Engine,Aether Revolt,AER,16.71,0.33,30,0.84
10/18/2018,Paradox Engine,Aether Revolt,AER,16.81,0.34,30,0.84
10/19/2018,Paradox Engine,Aether Revolt,AER,16.98,0.32,30,0.84
10/20/2018,Paradox Engine,Aether Revolt,AER,16.88,0.32,30,0.84
10/21/2018,Paradox Engine,Aether Revolt,AER,16.95,0.31,30,0.84
10/22/2018,Paradox Engine,Aether Revolt,AER,16.89,0.31,30,0.84
10/23/2018,Paradox Engine,Aether Revolt,AER,16.71,0.32,30,0.84
10/24/2018,Paradox Engine,Aether Revolt,AER,16.61,0.33,30,0.84
10/25/2018,Paradox Engine,Aether Revolt,AER,16.24,0.32,30,0.84
10/26/2018,Paradox Engine,Aether Revolt,AER,16.23,0.28,30,0.84
10/27/2018,Paradox Engine,Aether Revolt,AER,16.15,0.28,30,0.84
10/28/2018,Paradox Engine,Aether Revolt,AER,16.15,0.28,30,0.84
10/29/2018,Paradox Engine,Aether Revolt,AER,16.15,0.28,30,0.84
10/30/2018,Paradox Engine,Aether Revolt,AER,16.17,0.27,30,0.84
10/31/2018,Paradox Engine,Aether Revolt,AER,16.14,0.28,29.99,0.84
11/1/2018,Paradox Engine,Aether Revolt,AER,16.21,0.27,29.99,0.84
11/2/2018,Paradox Engine,Aether Revolt,AER,16.15,0.27,30,0.84
11/3/2018,Paradox Engine,Aether Revolt,AER,16.41,0.26,30,0.84
11/4/2018,Paradox Engine,Aether Revolt,AER,16.71,0.28,30,0.96
11/5/2018,Paradox Engine,Aether Revolt,AER,16.48,0.26,29.99,0.85
11/6/2018,Paradox Engine,Aether Revolt,AER,16.44,0.26,30,0.85
11/7/2018,Paradox Engine,Aether Revolt,AER,16.24,0.25,29.99,0.85
11/8/2018,Paradox Engine,Aether Revolt,AER,16.14,0.25,28.99,0.85
11/9/2018,Paradox Engine,Aether Revolt,AER,16.23,0.23,29,0.85
11/10/2018,Paradox Engine,Aether Revolt,AER,16.23,0.23,30,0.85
11/11/2018,Paradox Engine,Aether Revolt,AER,16.23,0.25,29.99,0.85
11/12/2018,Paradox Engine,Aether Revolt,AER,16.23,0.24,28.99,0.85
11/13/2018,Paradox Engine,Aether Revolt,AER,16.12,0.23,28.5,0.85
11/14/2018,Paradox Engine,Aether Revolt,AER,16,0.24,27.99,0.85
11/15/2018,Paradox Engine,Aether Revolt,AER,16,0.22,27.99,0.85
11/16/2018,Paradox Engine,Aether Revolt,AER,16,0.24,27.99,0.85
11/17/2018,Paradox Engine,Aether Revolt,AER,16,0.24,27.71,0.85
11/18/2018,Paradox Engine,Aether Revolt,AER,15.99,0.23,27.71,0.94
11/19/2018,Paradox Engine,Aether Revolt,AER,15.99,0.23,27.52,0.84
11/20/2018,Paradox Engine,Aether Revolt,AER,15.92,0.23,27,0.84
11/21/2018,Paradox Engine,Aether Revolt,AER,15.83,0.25,27,0.84
11/22/2018,Paradox Engine,Aether Revolt,AER,15.83,0.26,27.45,0.84
11/23/2018,Paradox Engine,Aether Revolt,AER,15.83,0.26,27,0.84
11/24/2018,Paradox Engine,Aether Revolt,AER,15.99,0.27,26.99,0.84
11/25/2018,Paradox Engine,Aether Revolt,AER,15.99,0.29,27.45,0.84
11/26/2018,Paradox Engine,Aether Revolt,AER,15.99,0.28,27.45,0.84
11/27/2018,Paradox Engine,Aether Revolt,AER,15.99,0.29,27,0.84
11/28/2018,Paradox Engine,Aether Revolt,AER,15.99,0.3,27.22,0.84
11/29/2018,Paradox Engine,Aether Revolt,AER,15.97,0.3,26.99,0.84
11/30/2018,Paradox Engine,Aether Revolt,AER,15.79,0.29,27,0.84
12/1/2018,Paradox Engine,Aether Revolt,AER,15.68,0.3,27,0.84
12/2/2018,Paradox Engine,Aether Revolt,AER,15.5,0.32,27,0.84
12/3/2018,Paradox Engine,Aether Revolt,AER,15.68,0.31,27.45,0.84
12/4/2018,Paradox Engine,Aether Revolt,AER,15.35,0.31,26.5,0.84
12/5/2018,Paradox Engine,Aether Revolt,AER,15.36,0.29,26,0.84
12/6/2018,Paradox Engine,Aether Revolt,AER,15.41,0.28,26.5,0.84
12/7/2018,Paradox Engine,Aether Revolt,AER,15.36,0.28,26.99,0.84
12/8/2018,Paradox Engine,Aether Revolt,AER,15.4,0.29,26.5,0.84
12/9/2018,Paradox Engine,Aether Revolt,AER,15.44,0.4,26,0.84
12/10/2018,Paradox Engine,Aether Revolt,AER,15.46,0.42,26.99,0.84
12/11/2018,Paradox Engine,Aether Revolt,AER,15.36,0.47,26.5,0.84
12/12/2018,Paradox Engine,Aether Revolt,AER,15.36,0.71,27.22,0.84
12/13/2018,Paradox Engine,Aether Revolt,AER,15.34,1.05,27.22,1.28
12/14/2018,Paradox Engine,Aether Revolt,AER,15.27,0.68,27.45,0.84
12/15/2018,Paradox Engine,Aether Revolt,AER,15.3,0.74,27.45,0.84
12/16/2018,Paradox Engine,Aether Revolt,AER,15.36,0.74,27.22,0.84
12/17/2018,Paradox Engine,Aether Revolt,AER,15.5,0.74,27.45,0.84
12/18/2018,Paradox Engine,Aether Revolt,AER,15.85,0.76,26.73,0.84
12/19/2018,Paradox Engine,Aether Revolt,AER,15.93,0.78,27.45,0.84
12/20/2018,Paradox Engine,Aether Revolt,AER,15.94,0.81,27.22,0.84
12/21/2018,Paradox Engine,Aether Revolt,AER,15.92,0.81,26.99,1.28
12/22/2018,Paradox Engine,Aether Revolt,AER,15.97,0.91,25.99,1.28
12/23/2018,Paradox Engine,Aether Revolt,AER,15.97,0.91,25.49,1.28
12/24/2018,Paradox Engine,Aether Revolt,AER,15.97,1.15,25.99,1.28
12/25/2018,Paradox Engine,Aether Revolt,AER,15.97,0.61,26,1.28
12/26/2018,Paradox Engine,Aether Revolt,AER,15.97,0.69,26.99,1.28
12/27/2018,Paradox Engine,Aether Revolt,AER,15.99,0.78,27.45,1.28
12/28/2018,Paradox Engine,Aether Revolt,AER,15.99,0.78,27.45,1.28
12/29/2018,Paradox Engine,Aether Revolt,AER,15.99,0.78,27.45,1.28
12/30/2018,Paradox Engine,Aether Revolt,AER,15.99,0.87,27.49,1.28
12/31/2018,Paradox Engine,Aether Revolt,AER,15.98,0.97,27.45,1.28
1/1/2019,Paradox Engine,Aether Revolt,AER,15.97,1.09,26.99,1.28
1/2/2019,Paradox Engine,Aether Revolt,AER,15.97,0.59,26.99,1.28
1/3/2019,Paradox Engine,Aether Revolt,AER,15.97,0.45,26.99,1.28
1/4/2019,Paradox Engine,Aether Revolt,AER,15.98,0.37,27.49,1.28
1/5/2019,Paradox Engine,Aether Revolt,AER,15.99,0.24,27.22,1.28
1/6/2019,Paradox Engine,Aether Revolt,AER,16,0.25,27.45,1.28
1/7/2019,Paradox Engine,Aether Revolt,AER,15.99,0.31,26.99,1.28
1/8/2019,Paradox Engine,Aether Revolt,AER,16,0.34,26.99,1.28
1/9/2019,Paradox Engine,Aether Revolt,AER,16,0.34,29.98,1.28
1/10/2019,Paradox Engine,Aether Revolt,AER,16,0.32,29.99,1.28
1/11/2019,Paradox Engine,Aether Revolt,AER,16.22,0.37,29.99,1.28
1/12/2019,Paradox Engine,Aether Revolt,AER,16.25,0.41,29.99,1.28
1/13/2019,Paradox Engine,Aether Revolt,AER,16.22,0.48,29.99,1.28
1/14/2019,Paradox Engine,Aether Revolt,AER,16.2,0.48,29.99,1.28
1/15/2019,Paradox Engine,Aether Revolt,AER,16.25,0.48,29.99,1.28
1/16/2019,Paradox Engine,Aether Revolt,AER,16.23,0.42,29.99,1.28
1/17/2019,Paradox Engine,Aether Revolt,AER,16.15,0.38,29.99,1.28
1/18/2019,Paradox Engine,Aether Revolt,AER,16.2,0.38,29.99,1.28
1/19/2019,Paradox Engine,Aether Revolt,AER,16.42,0.41,30,1.28
1/20/2019,Paradox Engine,Aether Revolt,AER,16.5,0.51,30,1.28
1/21/2019,Paradox Engine,Aether Revolt,AER,16.51,0.61,29.99,1.28
1/22/2019,Paradox Engine,Aether Revolt,AER,16.49,0.7,29.99,1.28
1/23/2019,Paradox Engine,Aether Revolt,AER,16.62,0.73,30,1.28
1/24/2019,Paradox Engine,Aether Revolt,AER,16.72,0.76,30,1.28
1/25/2019,Paradox Engine,Aether Revolt,AER,16.95,0.83,30.65,1.28
1/26/2019,Paradox Engine,Aether Revolt,AER,16.99,0.76,31.1,1.28
1/27/2019,Paradox Engine,Aether Revolt,AER,16.91,0.85,31.22,1.28
1/28/2019,Paradox Engine,Aether Revolt,AER,16.96,0.81,31.1,1.28
1/29/2019,Paradox Engine,Aether Revolt,AER,16.96,0.85,31.22,1.28
1/30/2019,Paradox Engine,Aether Revolt,AER,16.95,0.73,31.22,1.28
1/31/2019,Paradox Engine,Aether Revolt,AER,16.96,0.68,31.1,1.28
2/1/2019,Paradox Engine,Aether Revolt,AER,16.98,0.72,31.22,1.28
2/2/2019,Paradox Engine,Aether Revolt,AER,16.98,0.67,31.46,1.28
2/3/2019,Paradox Engine,Aether Revolt,AER,16.98,0.65,31.46,1.28
2/4/2019,Paradox Engine,Aether Revolt,AER,16.96,0.69,31.4,1.28
2/5/2019,Paradox Engine,Aether Revolt,AER,16.98,0.76,31.4,1.27
2/6/2019,Paradox Engine,Aether Revolt,AER,16.99,0.77,31.22,1.27
2/7/2019,Paradox Engine,Aether Revolt,AER,16.99,0.82,31.22,1.27
2/8/2019,Paradox Engine,Aether Revolt,AER,16.97,0.82,31.34,1.27
2/9/2019,Paradox Engine,Aether Revolt,AER,16.99,0.91,31.4,1.27
2/10/2019,Paradox Engine,Aether Revolt,AER,16.95,0.88,31.46,1.27
2/11/2019,Paradox Engine,Aether Revolt,AER,17.07,0.89,31.22,1.27
2/12/2019,Paradox Engine,Aether Revolt,AER,17.26,0.88,31.34,1.27
2/13/2019,Paradox Engine,Aether Revolt,AER,17.47,0.85,31.46,1.27
2/14/2019,Paradox Engine,Aether Revolt,AER,17.99,0.89,32.42,1.27
2/15/2019,Paradox Engine,Aether Revolt,AER,17.86,0.9,31.94,1.27
2/16/2019,Paradox Engine,Aether Revolt,AER,17.98,0.95,32.42,1.27
2/17/2019,Paradox Engine,Aether Revolt,AER,18.04,0.92,32.9,1.27
2/18/2019,Paradox Engine,Aether Revolt,AER,18.08,0.79,32.9,1.27
2/19/2019,Paradox Engine,Aether Revolt,AER,18.02,0.86,32.95,1.27
2/20/2019,Paradox Engine,Aether Revolt,AER,18,0.88,32.99,1.27
2/21/2019,Paradox Engine,Aether Revolt,AER,18.03,0.81,32.99,1.27
2/22/2019,Paradox Engine,Aether Revolt,AER,18.04,0.79,32.95,1.27
2/23/2019,Paradox Engine,Aether Revolt,AER,18.42,0.83,32.95,1.27
2/24/2019,Paradox Engine,Aether Revolt,AER,18.44,0.64,32.95,1.27
2/25/2019,Paradox Engine,Aether Revolt,AER,18.09,0.62,32.97,1.27
2/26/2019,Paradox Engine,Aether Revolt,AER,18.67,0.54,32.99,1.27
2/27/2019,Paradox Engine,Aether Revolt,AER,19,0.6,32.95,1.27
2/28/2019,Paradox Engine,Aether Revolt,AER,18.99,0.65,32.11,1.27
3/1/2019,Paradox Engine,Aether Revolt,AER,18.67,0.61,32.35,1.27
3/2/2019,Paradox Engine,Aether Revolt,AER,19,0.9,32.75,1.39
3/3/2019,Paradox Engine,Aether Revolt,AER,19.4,0.92,32.75,1.27
3/4/2019,Paradox Engine,Aether Revolt,AER,19.99,0.76,32.75,1.27
3/5/2019,Paradox Engine,Aether Revolt,AER,20.49,0.82,32.75,1.27
3/6/2019,Paradox Engine,Aether Revolt,AER,19.99,0.78,32.85,1.27
3/7/2019,Paradox Engine,Aether Revolt,AER,19.99,0.8,32.11,1.27
3/8/2019,Paradox Engine,Aether Revolt,AER,19.99,0.78,31.34,1.27
3/9/2019,Paradox Engine,Aether Revolt,AER,19.99,0.82,32.15,1.27
3/10/2019,Paradox Engine,Aether Revolt,AER,19.99,0.8,32.97,1.27
3/11/2019,Paradox Engine,Aether Revolt,AER,20,0.86,32.97,1.27
3/12/2019,Paradox Engine,Aether Revolt,AER,20,0.91,32.95,1.27
3/13/2019,Paradox Engine,Aether Revolt,AER,21,0.94,32.97,1.27
3/14/2019,Paradox Engine,Aether Revolt,AER,24.15,0.95,32.97,1.27
3/15/2019,Paradox Engine,Aether Revolt,AER,24.6,0.96,36.8,1.27
3/16/2019,Paradox Engine,Aether Revolt,AER,31.37,0.91,38.75,1.27
3/17/2019,Paradox Engine,Aether Revolt,AER,38,1.05,40,1.27
3/18/2019,Paradox Engine,Aether Revolt,AER,48.97,1.12,79.99,1.27
3/19/2019,Paradox Engine,Aether Revolt,AER,42.24,1.36,74.5,1.27
3/20/2019,Paradox Engine,Aether Revolt,AER,41.99,1.4,72.92,1.51
3/21/2019,Paradox Engine,Aether Revolt,AER,41.18,1.44,72,1.51
3/22/2019,Paradox Engine,Aether Revolt,AER,40.86,1.51,70.25,1.51
3/23/2019,Paradox Engine,Aether Revolt,AER,39.99,1.53,70.25,1.63
3/24/2019,Paradox Engine,Aether Revolt,AER,39.99,1.63,70,1.63
3/25/2019,Paradox Engine,Aether Revolt,AER,39.99,1.78,70,1.63
3/26/2019,Paradox Engine,Aether Revolt,AER,39.99,1.68,69,1.63
3/27/2019,Paradox Engine,Aether Revolt,AER,39.99,1.72,64.99,1.63
3/28/2019,Paradox Engine,Aether Revolt,AER,39,1.74,64.99,1.76
3/29/2019,Paradox Engine,Aether Revolt,AER,38,1.72,64.99,1.76
3/30/2019,Paradox Engine,Aether Revolt,AER,39.17,1.72,64.98,1.76
3/31/2019,Paradox Engine,Aether Revolt,AER,38.5,1.73,64.98,1.76
4/1/2019,Paradox Engine,Aether Revolt,AER,37.97,1.76,64.98,1.76
4/2/2019,Paradox Engine,Aether Revolt,AER,37.99,1.76,64.98,1.76
4/3/2019,Paradox Engine,Aether Revolt,AER,34.93,1.76,64.98,1.76
4/4/2019,Paradox Engine,Aether Revolt,AER,34.98,1.78,64.97,1.76
4/5/2019,Paradox Engine,Aether Revolt,AER,0,1.82,0,1.76
4/6/2019,Paradox Engine,Aether Revolt,AER,35.88,1.82,64.97,1.76
4/7/2019,Paradox Engine,Aether Revolt,AER,35.77,1.82,64.98,1.76
4/8/2019,Paradox Engine,Aether Revolt,AER,33.93,1.91,64.95,1.76
4/9/2019,Paradox Engine,Aether Revolt,AER,35.77,2.07,64.97,1.76
4/10/2019,Paradox Engine,Aether Revolt,AER,34.98,2.07,64.95,1.76
4/11/2019,Paradox Engine,Aether Revolt,AER,35.39,2.08,64.95,1.76
4/12/2019,Paradox Engine,Aether Revolt,AER,34.68,2.03,64.95,1.76
4/13/2019,Paradox Engine,Aether Revolt,AER,34.05,2.05,64.95,1.76
4/14/2019,Paradox Engine,Aether Revolt,AER,34.68,1.95,64.95,1.76
4/15/2019,Paradox Engine,Aether Revolt,AER,34.98,2.09,64.95,1.76
4/16/2019,Paradox Engine,Aether Revolt,AER,35.38,1.99,64.97,1.76
4/17/2019,Paradox Engine,Aether Revolt,AER,34.98,1.88,64.97,1.76
4/18/2019,Paradox Engine,Aether Revolt,AER,34.98,1.84,61.91,1.76
4/19/2019,Paradox Engine,Aether Revolt,AER,34.98,1.84,59.95,1.76
4/20/2019,Paradox Engine,Aether Revolt,AER,34.87,1.84,59.95,1.76
4/21/2019,Paradox Engine,Aether Revolt,AER,34.91,1.85,59.95,1.76
4/22/2019,Paradox Engine,Aether Revolt,AER,33.99,1.5,60.51,1.76
4/23/2019,Paradox Engine,Aether Revolt,AER,35.18,1.52,59.93,1.76
4/24/2019,Paradox Engine,Aether Revolt,AER,34.99,1.53,59.9,1.76
4/25/2019,Paradox Engine,Aether Revolt,AER,37.8,1.34,59.93,1.76
4/26/2019,Paradox Engine,Aether Revolt,AER,37.97,1.34,59.93,1.76
4/27/2019,Paradox Engine,Aether Revolt,AER,37.97,1.12,59.9,1.76
4/28/2019,Paradox Engine,Aether Revolt,AER,37.99,1.19,59.39,1.76
4/29/2019,Paradox Engine,Aether Revolt,AER,38.84,1.12,59.9,1.76
4/30/2019,Paradox Engine,Aether Revolt,AER,37.99,0.94,59.39,1.76
5/1/2019,Paradox Engine,Aether Revolt,AER,37.99,0.88,59.9,1.76
5/2/2019,Paradox Engine,Aether Revolt,AER,37.99,0.85,59.9,1.76
5/3/2019,Paradox Engine,Aether Revolt,AER,37.99,0.92,59.9,1.76
5/4/2019,Paradox Engine,Aether Revolt,AER,38,0.88,59.9,1.76
5/5/2019,Paradox Engine,Aether Revolt,AER,38.43,0.92,59.9,1.76
5/6/2019,Paradox Engine,Aether Revolt,AER,37.99,0.9,59.39,1.76
5/7/2019,Paradox Engine,Aether Revolt,AER,38.08,0.9,59.9,1.76
5/8/2019,Paradox Engine,Aether Revolt,AER,38.16,0.87,59.9,1.76
5/9/2019,Paradox Engine,Aether Revolt,AER,37.99,0.89,59.9,1.76
5/10/2019,Paradox Engine,Aether Revolt,AER,37.99,0.91,59.39,1.76
5/11/2019,Paradox Engine,Aether Revolt,AER,37.99,0.87,59.39,1.76
5/12/2019,Paradox Engine,Aether Revolt,AER,37.99,0.88,59.39,1.76
5/13/2019,Paradox Engine,Aether Revolt,AER,38,0.88,59.39,1.76
5/14/2019,Paradox Engine,Aether Revolt,AER,38,0.68,58.88,1.76
5/15/2019,Paradox Engine,Aether Revolt,AER,37.99,0.72,51.25,1.76
5/16/2019,Paradox Engine,Aether Revolt,AER,37.99,0.61,48.88,1.76
5/17/2019,Paradox Engine,Aether Revolt,AER,37.99,0.63,49,1.76
5/18/2019,Paradox Engine,Aether Revolt,AER,37.95,0.62,48.88,1.76
5/19/2019,Paradox Engine,Aether Revolt,AER,37.95,0.66,48.88,1.76
5/20/2019,Paradox Engine,Aether Revolt,AER,37.95,0.66,50.96,1.76
5/21/2019,Paradox Engine,Aether Revolt,AER,37.97,1.8,49.5,1.76
5/22/2019,Paradox Engine,Aether Revolt,AER,43.19,2.4,69.98,1.76
5/23/2019,Paradox Engine,Aether Revolt,AER,44.99,2.06,69.37,1.76
5/24/2019,Paradox Engine,Aether Revolt,AER,44.99,1.97,68.76,1.76
5/25/2019,Paradox Engine,Aether Revolt,AER,44.99,2.09,68.76,1.76
5/26/2019,Paradox Engine,Aether Revolt,AER,44.99,2.09,68.23,1.76
5/27/2019,Paradox Engine,Aether Revolt,AER,43.46,2.27,69.37,1.76
5/28/2019,Paradox Engine,Aether Revolt,AER,42.99,2.27,68.23,1.76
5/31/2019,Paradox Engine,Aether Revolt,AER,41.99,2.55,70,1.76
6/1/2019,Paradox Engine,Aether Revolt,AER,42.95,2.67,69.99,1.76
6/2/2019,Paradox Engine,Aether Revolt,AER,42.64,2.7,69.99,1.76
6/3/2019,Paradox Engine,Aether Revolt,AER,41.92,2.17,69.99,1.76
6/4/2019,Paradox Engine,Aether Revolt,AER,42.32,2.13,70,1.76
6/5/2019,Paradox Engine,Aether Revolt,AER,41.98,2.13,70,1.76
6/6/2019,Paradox Engine,Aether Revolt,AER,41.38,2.23,70,1.76
6/7/2019,Paradox Engine,Aether Revolt,AER,41.59,2.28,69.99,1.76
6/8/2019,Paradox Engine,Aether Revolt,AER,40.46,2.21,70,1.76
6/9/2019,Paradox Engine,Aether Revolt,AER,39.99,2.24,70,1.76
6/10/2019,Paradox Engine,Aether Revolt,AER,40.71,2.24,70,1.76
6/11/2019,Paradox Engine,Aether Revolt,AER,41.99,2.36,70,1.76
6/12/2019,Paradox Engine,Aether Revolt,AER,43.02,2.4,70,1.76
6/13/2019,Paradox Engine,Aether Revolt,AER,42.95,2.51,70,1.76
6/14/2019,Paradox Engine,Aether Revolt,AER,41.82,2.63,70,1.76
6/15/2019,Paradox Engine,Aether Revolt,AER,41.99,2.63,70,1.76
6/16/2019,Paradox Engine,Aether Revolt,AER,43.31,2.75,70,1.76
6/17/2019,Paradox Engine,Aether Revolt,AER,44.08,2.73,70,1.76
6/18/2019,Paradox Engine,Aether Revolt,AER,44.04,2.69,70,1.76
6/19/2019,Paradox Engine,Aether Revolt,AER,43.98,2.78,70,1.76
6/20/2019,Paradox Engine,Aether Revolt,AER,44,2.67,69.99,1.76
6/21/2019,Paradox Engine,Aether Revolt,AER,44.99,2.71,70,2.08
6/22/2019,Paradox Engine,Aether Revolt,AER,44.99,2.72,70,2.08
6/23/2019,Paradox Engine,Aether Revolt,AER,44.99,2.2,70,2.08
6/24/2019,Paradox Engine,Aether Revolt,AER,44.99,2.19,70,2.08
6/25/2019,Paradox Engine,Aether Revolt,AER,44.77,2.14,70,2.08
6/26/2019,Paradox Engine,Aether Revolt,AER,43.11,2.15,70,2.08
6/27/2019,Paradox Engine,Aether Revolt,AER,42.98,2.18,70,2.08
